Player,Nation,Pos,Squad,Comp,Age,Born,90s,Gls,Sh,SoT,SoT%,Sh/90,SoT/90,G/Sh,G/SoT,Dist,FK,PK,PKatt,xG,npxG,npxG/Sh,G-xG,np:G-xG,Matches,Gls/90,npG,npG/90,xG/90,npxG/90,xG/Sh,npG-npxG,goals_above_xG,np_goals_above_xG,finishing_per_shot,np_finishing_per_shot,finishing_index,np_finishing_index,finishing_category
Alexis Saelemaekers,BEL,"DF,FW",Roma,Serie A,25,1999,15.4,7,25,12,48.0,1.62,0.78,0.28,0.58,16.7,0,0,0,2.5,2.5,0.1,4.5,4.5,Matches,0.45454545454545453,7,0.45454545454545453,0.16233766233766234,0.16233766233766234,0.1,4.5,4.5,4.5,0.18,0.18,675.1267216029446,671.3563513050253,Elite Finisher
Assane Diao,SEN,"FW,MF",Como,Serie A,18,2005,13.9,8,28,13,46.4,2.01,0.93,0.29,0.62,15.5,0,0,0,4.0,4.0,0.14,4.0,4.0,Matches,0.5755395683453237,8,0.5755395683453237,0.28776978417266186,0.28776978417266186,0.14285714285714285,4.0,4.0,4.0,0.14285714285714285,0.14285714285714285,535.8148584150354,532.8225010357344,Elite Finisher
Robin Gosens,GER,DF,Fiorentina,Serie A,30,1994,27.0,5,23,8,34.8,0.85,0.3,0.22,0.63,14.1,0,0,0,1.8,1.8,0.08,3.2,3.2,Matches,0.18518518518518517,5,0.18518518518518517,0.06666666666666667,0.06666666666666667,0.0782608695652174,3.2,3.2,3.2,0.1391304347826087,0.1391304347826087,521.8370794998606,518.9227836174109,Elite Finisher
Randal Kolo Muani,FRA,FW,Juventus,Serie A,25,1998,12.9,8,25,13,52.0,1.94,1.01,0.28,0.54,13.2,0,1,1,4.7,3.9,0.16,3.3,3.1,Matches,0.6201550387596899,7,0.5426356589147286,0.3643410852713178,0.3023255813953488,0.188,3.1,3.3,3.1,0.132,0.12916666666666668,495.0929291754928,481.76034468647657,Elite Finisher
Giovani Lo Celso,ARG,"MF,FW",Betis,La Liga,28,1996,16.2,8,31,16,51.6,1.91,0.99,0.19,0.38,22.0,4,2,3,4.8,2.4,0.08,3.2,3.6,Matches,0.4938271604938272,6,0.3703703703703704,0.2962962962962963,0.14814814814814814,0.15483870967741936,3.6,3.2,3.6,0.1032258064516129,0.1285714285714286,387.1694460805418,479.5402509321611,Elite Finisher
Patrik Schick,CZE,FW,Leverkusen,Bundesliga,28,1996,18.7,21,68,32,47.1,3.63,1.71,0.29,0.63,11.8,0,1,1,12.7,11.9,0.17,8.3,8.1,Matches,1.1229946524064172,20,1.0695187165775402,0.6791443850267379,0.6363636363636364,0.18676470588235294,8.1,8.3,8.1,0.12205882352941178,0.1208955223880597,457.80651873402303,450.91098221979314,Elite Finisher
Pedro,ESP,"FW,MF",Lazio,Serie A,37,1987,12.2,10,37,16,43.2,3.02,1.31,0.22,0.5,19.1,0,2,2,5.3,3.8,0.1,4.7,4.2,Matches,0.819672131147541,8,0.6557377049180328,0.43442622950819676,0.3114754098360656,0.14324324324324325,4.2,4.7,4.2,0.12702702702702703,0.12000000000000001,476.4407795095856,447.57090087001694,Elite Finisher
Armin Gigovic,BIH,MF,Holstein Kiel,Bundesliga,22,2002,21.1,5,26,10,38.5,1.23,0.47,0.19,0.5,19.0,1,0,0,1.9,1.9,0.07,3.1,3.1,Matches,0.23696682464454974,5,0.23696682464454974,0.0900473933649289,0.0900473933649289,0.07307692307692307,3.1,3.1,3.1,0.11923076923076924,0.11923076923076924,447.1993241387027,444.70185663367073,Elite Finisher
Roberto Férnandez,ESP,FW,Espanyol,La Liga,22,2002,16.6,6,21,9,42.9,1.26,0.54,0.29,0.67,14.0,0,0,0,3.6,3.6,0.17,2.4,2.4,Matches,0.36144578313253006,6,0.36144578313253006,0.21686746987951805,0.21686746987951805,0.17142857142857143,2.4,2.4,2.4,0.11428571428571428,0.11428571428571428,428.65188673202834,426.25800082858757,Elite Finisher
Lucas Stassin,BEL,FW,Saint-Étienne,Ligue 1,19,2004,21.0,12,44,23,52.3,2.1,1.1,0.27,0.52,14.1,0,0,0,7.0,7.0,0.18,3.0,3.0,Matches,0.5714285714285714,12,0.5714285714285714,0.3333333333333333,0.3333333333333333,0.1590909090909091,5.0,5.0,5.0,0.11363636363636363,0.11363636363636363,426.2163646483236,423.83608036933424,Elite Finisher
Jonas Wind,DEN,"FW,MF",Wolfsburg,Bundesliga,25,1999,21.8,9,38,11,28.9,1.74,0.5,0.21,0.73,13.4,0,1,2,5.7,4.0,0.1,3.3,4.0,Matches,0.4128440366972477,8,0.36697247706422015,0.26146788990825687,0.18348623853211007,0.15,4.0,3.3,4.0,0.08684210526315789,0.1111111111111111,325.7190323522978,414.41750080557125,Elite Finisher
Alexander Bernhardsson,SWE,"FW,MF",Holstein Kiel,Bundesliga,25,1998,14.0,7,27,14,51.9,1.92,1.0,0.26,0.5,17.5,0,0,0,4.1,4.1,0.15,2.9,2.9,Matches,0.5,7,0.5,0.2928571428571428,0.2928571428571428,0.15185185185185185,2.9000000000000004,2.9000000000000004,2.9000000000000004,0.10740740740740742,0.10740740740740742,402.8533935490823,400.60358411205226,Elite Finisher
Oihan Sancet,ESP,MF,Athletic Club,La Liga,24,2000,18.0,15,47,17,36.2,2.61,0.94,0.26,0.71,16.7,1,3,3,9.7,7.3,0.16,5.3,4.7,Matches,0.8333333333333334,12,0.6666666666666666,0.5388888888888889,0.40555555555555556,0.20638297872340425,4.7,5.300000000000001,4.7,0.11276595744680852,0.10681818181818183,422.9517286637833,398.4059155471742,Elite Finisher
Andrey Santos,BRA,MF,Strasbourg,Ligue 1,20,2004,31.7,10,46,16,34.8,1.45,0.5,0.22,0.63,16.2,0,0,0,5.1,5.1,0.11,4.9,4.9,Matches,0.31545741324921134,10,0.31545741324921134,0.1608832807570978,0.1608832807570978,0.1108695652173913,4.9,4.9,4.9,0.10652173913043479,0.10652173913043479,399.5315139920808,397.3002562070803,Elite Finisher
Rasmus Kristensen,DEN,DF,Eint Frankfurt,Bundesliga,27,1997,27.9,5,24,8,33.3,0.86,0.29,0.21,0.63,13.7,0,0,0,2.5,2.5,0.1,2.5,2.5,Matches,0.17921146953405018,5,0.17921146953405018,0.08960573476702509,0.08960573476702509,0.10416666666666667,2.5,2.5,2.5,0.10416666666666667,0.10416666666666667,390.69833426096335,388.516407005223,Elite Finisher
Bryan Mbeumo,CMR,FW,Brentford,Premier League,24,1999,37.9,20,79,34,43.0,2.08,0.9,0.19,0.44,17.9,6,5,6,12.3,7.5,0.1,7.7,7.5,Matches,0.5277044854881267,15,0.395778364116095,0.3245382585751979,0.1978891820580475,0.15569620253164557,7.5,7.699999999999999,7.5,0.09746835443037974,0.10273972602739725,365.5749477034229,383.1942644435076,Elite Finisher
Xavi Simons,NED,MF,RB Leipzig,Bundesliga,21,2003,23.9,10,50,23,46.0,2.09,0.96,0.2,0.43,19.4,4,0,0,5.1,5.1,0.1,4.9,4.9,Matches,0.4184100418410042,10,0.4184100418410042,0.21338912133891214,0.21338912133891214,0.102,4.9,4.9,4.9,0.098,0.098,367.5689928727143,365.51623571051385,Elite Finisher
Chris Wood,NZL,FW,Nott'ham Forest,Premier League,32,1991,32.9,20,65,32,49.2,1.98,0.97,0.26,0.53,13.5,0,3,3,13.4,11.0,0.17,6.6,6.0,Matches,0.60790273556231,17,0.5167173252279635,0.4072948328267477,0.3343465045592705,0.20615384615384616,6.0,6.6,6.0,0.10153846153846154,0.0967741935483871,380.84071475037905,360.94427489517494,Elite Finisher
Paul Nebel,GER,MF,Mainz 05,Bundesliga,21,2002,26.1,10,44,18,40.9,1.69,0.69,0.23,0.56,17.1,0,0,0,5.8,5.8,0.13,4.2,4.2,Matches,0.38314176245210724,10,0.38314176245210724,0.2222222222222222,0.2222222222222222,0.1318181818181818,4.2,4.2,4.2,0.09545454545454546,0.09545454545454546,358.0217463045919,356.02230751024075,Elite Finisher
Esteban Lepaul,FRA,FW,Angers,Ligue 1,24,2000,18.1,9,41,17,41.5,2.27,0.94,0.22,0.53,13.2,0,0,0,5.1,5.1,0.13,3.9,3.9,Matches,0.49723756906077343,9,0.49723756906077343,0.2817679558011049,0.2817679558011049,0.12439024390243901,3.9000000000000004,3.9000000000000004,3.9000000000000004,0.09512195121951221,0.09512195121951221,356.7742837739139,354.78181166525735,Elite Finisher
